<application>
  <component name="CachedDictionaryState">
    <words>
      <w>aeonik</w>
      <w>cach</w>
      <w>childrens</w>
      <w>chẩn</w>
      <w>cách</w>
      <w>dartz</w>
      <w>datasources</w>
      <w>diện</w>
      <w>dùng</w>
      <w>firestore</w>
      <w>gvtp</w>
      <w>iconly</w>
      <w>khỏe</w>
      <w>khỏi</w>
      <w>liệu</w>
      <w>nguyên</w>
      <w>nuôi</w>
      <w>paymentbackground</w>
      <w>screenutil</w>
      <w>signin</w>
      <w>sqflite</w>
      <w>sách</w>
      <w>thich</w>
      <w>thuoc</w>
      <w>thuốc</w>
      <w>thêm</w>
      <w>thích</w>
      <w>usecase</w>
      <w>usecases</w>
      <w>uxwing</w>
      <w>đánh</w>
      <w>đóng</w>
    </words>
  </component>
</application>