<application>
  <component name="Trusted.Paths">
    <option name="TRUSTED_PROJECT_PATHS">
      <map>
        <entry key="D:\Research\CodingPractice\Flutter\Learning\LearningFlutter\Example" value="true" />
        <entry key="D:\Research\CodingPractices\Flutter\Learning\LearningFlutter\FlutterGuys\clean_architecture" value="true" />
        <entry key="F:\Outsource\HangRaoBeTong" value="true" />
        <entry key="F:\Outsource\HangRaoBeTong\book_medicine" value="true" />
        <entry key="F:\Outsource\MobileApp\astro" value="true" />
        <entry key="F:\Research\CodingPractice\Flutter\LearningFlutter\Example\getx_clean_default" value="true" />
        <entry key="F:\Research\CodingPractice\Flutter\LearningFlutter\Example\getx_pattern_default" value="true" />
        <entry key="F:\Research\CodingPractice\Flutter\LearningFlutter\FlutterGuys\clean_architecture" value="true" />
        <entry key="F:\Research\CodingPractice\Flutter\LearningFlutter\FlutterGuys\movie_app" value="true" />
        <entry key="F:\Research\CodingPractice\Flutter\LearningFlutter\FlutterGuys\weather_clean_architecture_tdd" value="true" />
        <entry key="F:\Research\CodingPractice\Flutter\LearningFlutter\Udemy\The Complete Flutter Development Bootcamp with Dart" value="true" />
        <entry key="F:\Research\CodingPractice\Flutter\LearningFlutter\Udemy\The Complete Flutter Development Bootcamp with Dart\i_am_poor" value="true" />
        <entry key="F:\Research\CodingPractice\Flutter\LearningFlutter\Udemy\The Complete Flutter Development Bootcamp with Dart\i_am_rich" value="true" />
        <entry key="F:\Research\CodingPractice\Flutter\LearningFlutter\Udemy\The Complete Flutter Development Bootcamp with Dart\i_am_rich\android" value="true" />
        <entry key="F:\Research\CodingPractice\Flutter\LearningFlutter\Udemy\i_am_poor" value="true" />
        <entry key="F:\Research\CodingPractice\Flutter\LearningFlutter\dbestech\contest" value="true" />
        <entry key="F:\Research\CodingPractice\Flutter\LearningFlutter\dbestech\education_app" value="true" />
        <entry key="F:\Research\CodingPractice\Flutter\LearningFlutter\dbestech\flutter_contest" value="true" />
        <entry key="F:\Research\CodingPractice\Flutter\LearningFlutter\dbestech\flutter_payment_app" value="true" />
        <entry key="F:\Research\CodingPractice\Flutter\LearningFlutter\dbestech\flutter_study_app" value="true" />
        <entry key="F:\Research\CodingPractice\Flutter\LearningFlutter\dbestech\flutter_to_do_app" value="true" />
        <entry key="F:\Research\CodingPractice\Flutter\LearningFlutter\dbestech\flutter_video_player_app" value="true" />
        <entry key="F:\Research\CodingPractice\Flutter\LearningFlutter\dbestech\gym" value="true" />
        <entry key="F:\Research\CodingPractice\Flutter\LearningFlutter\dbestech\i_am_rich" value="true" />
        <entry key="F:\Research\CodingPractice\Flutter\LearningFlutter\dbestech\ulearning_flutter_bloc_app" value="true" />
        <entry key="F:\Research\CodingPractice\Flutter\LearningFlutter\dbestech\untitled" value="true" />
      </map>
    </option>
  </component>
</application>