<application>
  <component name="DimensionService">
    <location key="WELCOME_SCREEN.0.0.1920.1080" x="960" y="300" />
    <location key="find.popup.0.0.1920.1080" x="742" y="128" />
    <location key="find.popup.1920.0.1920.1080" x="2662" y="128" />
    <size key="GridCell.Tab.0.left.0.0.1920.1080" width="1776" height="313" />
    <size key="GridCell.Tab.0.center.0.0.1920.1080" width="1776" height="313" />
    <size key="GridCell.Tab.0.right.0.0.1920.1080" width="1776" height="313" />
    <size key="GridCell.Tab.0.bottom.0.0.1920.1080" width="1776" height="313" />
    <size key="find.popup.0.0.1920.1080" width="745" height="540" />
    <size key="GridCell.Tab.0.left.1920.0.1920.1080" width="1920" height="388" />
    <size key="GridCell.Tab.0.center.1920.0.1920.1080" width="1920" height="388" />
    <size key="GridCell.Tab.0.right.1920.0.1920.1080" width="1920" height="388" />
    <size key="GridCell.Tab.0.bottom.1920.0.1920.1080" width="1920" height="388" />
    <size key="find.popup.1920.0.1920.1080" width="562" height="508" />
  </component>
  <component name="WindowManager">
    <frame x="260" y="20" width="1400" height="1000" extendedState="6" />
  </component>
  <component name="WindowStateApplicationService">
    <state x="583" y="239" key="#com.intellij.openapi.updateSettings.impl.PluginUpdateInfoDialog" timestamp="1739505749569">
      <screen x="62" y="0" width="1858" height="1080" />
    </state>
    <state x="583" y="239" key="#com.intellij.openapi.updateSettings.impl.PluginUpdateInfoDialog/62.0.1858.1080" timestamp="1739505749569" />
    <state x="778" y="286" key="FileChooserDialogImpl" timestamp="1739506251938">
      <screen x="62" y="0" width="1858" height="1080" />
    </state>
    <state x="740" y="275" key="FileChooserDialogImpl/1920.0.1920.1040/0.0.1920.1040" timestamp="1731948302792" />
    <state x="778" y="286" key="FileChooserDialogImpl/62.0.1858.1080" timestamp="1739506251938" />
    <state x="991" y="543" width="1874" height="1097" key="WELCOME_SCREEN" timestamp="1739506198345">
      <screen x="62" y="0" width="1858" height="1080" />
    </state>
    <state x="960" y="523" width="1936" height="1056" key="WELCOME_SCREEN/1920.0.1920.1040/0.0.1920.1040" timestamp="1731948275409" />
    <state x="991" y="543" width="1874" height="1097" key="WELCOME_SCREEN/62.0.1858.1080" timestamp="1739506198345" />
    <state x="560" y="212" width="800" height="631" key="new project wizard" timestamp="1731948345085">
      <screen x="0" y="0" width="1920" height="1040" />
    </state>
    <state x="560" y="212" width="800" height="631" key="new project wizard/1920.0.1920.1040/0.0.1920.1040" timestamp="1731948345085" />
  </component>
</application>