[
  {
    "title": "Squat and Walk",
    "time": "45 seconds",
    "thumbnail": "assets/squat1.jpg",
    "videoUrl": "https://st.bslmeiyu.com/uploads/20170706/The%20Bananas%20Song%20%20Counting%20Bananas%20%20Super%20Simple%20Songs.mp4"
  },
  {
    "title": "Plie Squat and Heel Raises",
    "time": "55 seconds",
    "thumbnail": "assets/squat2.jpg",
    "videoUrl": "https://flutter.github.io/assets-for-api-docs/assets/videos/butterfly.mp4"
  },
  {
    "title": "Squat Kickback",
    "time": "60 seconds",
    "thumbnail": "assets/squat3.jpg",
    "videoUrl": "https://flutter.github.io/assets-for-api-docs/assets/videos/butterfly.mp4"
  },
  {
    "title": "Squat with Side Leg Lift",
    "time": "120 seconds",
    "thumbnail": "assets/squat4.jpg",
    "videoUrl": "https://flutter.github.io/assets-for-api-docs/assets/videos/butterfly.mp4"
  }

]